sources,matching,url_redirect_to,header_code,status
/teeth-straightening-for-adults/,exact,https://www.footscraydentalstudio.com.au/teeth-straightening-for-adults/,301,active
/tooth-pain-relief/,exact,https://www.footscraydentalstudio.com.au/tooth-pain-relief/,301,active
/how-long-do-veneers-last/,exact,https://www.footscraydentalstudio.com.au/how-long-do-veneers-last/,301,active
/poor-oral-hygiene/,exact,https://www.footscraydentalstudio.com.au/poor-oral-hygiene/,301,active
/dental-plaque/,exact,https://www.footscraydentalstudio.com.au/dental-plaque/,301,active
/preventing-gum-recession-effective-daily-habits-to-adopt/,exact,https://www.footscraydentalstudio.com.au/preventing-gum-recession-effective-daily-habits-to-adopt/,301,active
/is-it-possible-to-kill-the-tooth-pain-nerve-in-3-seconds/,exact,https://www.footscraydentalstudio.com.au/is-it-possible-to-kill-the-tooth-pain-nerve-in-3-seconds/,301,active
/is-gum-recession-reversible-what-orthodontics-say/,exact,https://www.footscraydentalstudio.com.au/is-gum-recession-reversible-what-orthodontics-say/,301,active
/gum-recession-treatment-cost-in-australia/,exact,https://www.footscraydentalstudio.com.au/gum-recession-treatment-cost-in-australia/,301,active
/does-invisalign-hurt-a-complete-guide-for-patients-in-footscray/,exact,https://www.footscraydentalstudio.com.au/does-invisalign-hurt-a-complete-guide-for-patients-in-footscray/,301,active
/cost-of-dental-cleaning-in-australia-2026-price-guide/,exact,https://www.footscraydentalstudio.com.au/cost-of-dental-cleaning-in-australia-2026-price-guide/,301,active
/wisdom-tooth-pain-treatment-costs-in-australia/,exact,https://www.footscraydentalstudio.com.au/wisdom-tooth-pain-treatment-costs-in-australia/,301,active
/wisdom-tooth-decay-causes-symptoms-and-treatment-options/,exact,https://www.footscraydentalstudio.com.au/wisdom-tooth-decay-causes-symptoms-and-treatment-options/,301,active
/what-do-rotten-teeth-look-like/,exact,https://www.footscraydentalstudio.com.au/what-do-rotten-teeth-look-like/,301,active
/top-10-reasons-for-yellow-coloured-teeth-and-their-easy-fixes/,exact,https://www.footscraydentalstudio.com.au/top-10-reasons-for-yellow-coloured-teeth-and-their-easy-fixes/,301,active
/tooth-decay-smell/,exact,https://www.footscraydentalstudio.com.au/tooth-decay-smell/,301,active
/tooth-cavities-symptoms-causes-prevention/,exact,https://www.footscraydentalstudio.com.au/tooth-cavities-symptoms-causes-prevention/,301,active
/how-to-fix-rotten-teeth/,exact,https://www.footscraydentalstudio.com.au/how-to-fix-rotten-teeth/,301,active
/gum-recession-natural-treatments-to-manage-symptoms-at-home/,exact,https://www.footscraydentalstudio.com.au/gum-recession-natural-treatments-to-manage-symptoms-at-home/,301,active
/difference-between-custom-and-chemist-or-sports-mouthguards/,exact,https://www.footscraydentalstudio.com.au/difference-between-custom-and-chemist-or-sports-mouthguards/,301,active
/dental-tooth-decay-symptoms-causes-treatment-methods/,exact,https://www.footscraydentalstudio.com.au/dental-tooth-decay-symptoms-causes-treatment-methods/,301,active
/aesthetic-and-appearance-issues-caused-by-gum-recession/,exact,https://www.footscraydentalstudio.com.au/aesthetic-and-appearance-issues-caused-by-gum-recession/,301,active
/a-go-to-guide-on-gum-line-recession-causes-and-remedies/,exact,https://www.footscraydentalstudio.com.au/a-go-to-guide-on-gum-line-recession-causes-and-remedies/,301,active
/a-dental-protection-guide-for-athletes-in-australia/,exact,https://www.footscraydentalstudio.com.au/a-dental-protection-guide-for-athletes-in-australia/,301,active
/a-definitive-guide-on-cracked-tooth-you-need-to-go-through/,exact,https://www.footscraydentalstudio.com.au/a-definitive-guide-on-cracked-tooth-you-need-to-go-through/,301,active
/8-easy-steps-to-overcome-dental-anxiety-before-visiting-a-dentist/,exact,https://www.footscraydentalstudio.com.au/8-easy-steps-to-overcome-dental-anxiety-before-visiting-a-dentist/,301,active
/sensitive-teeth/,exact,https://www.footscraydentalstudio.com.au/sensitive-teeth/,301,active
/root-canal-cost-in-australia/,exact,https://www.footscraydentalstudio.com.au/root-canal-cost-in-australia/,301,active
/why-do-my-bottom-teeth-hurt/,exact,https://www.footscraydentalstudio.com.au/why-do-my-bottom-teeth-hurt/,301,active
/bone-graft-for-tooth-implant/,exact,https://www.footscraydentalstudio.com.au/bone-graft-for-tooth-implant/,301,active
/professional-teeth-whitening/,exact,https://www.footscraydentalstudio.com.au/professional-teeth-whitening/,301,active
/dental-implant-procedure/,exact,https://www.footscraydentalstudio.com.au/dental-implant-procedure/,301,active
/blog/2/,exact,https://www.footscraydentalstudio.com.au/blog/,301,active
/blog/page/2/,exact,https://www.footscraydentalstudio.com.au/blog/,301,active
/blog/3/,exact,https://www.footscraydentalstudio.com.au/blog/,301,active
/blog/page/3/,exact,https://www.footscraydentalstudio.com.au/blog/,301,active
/blog/4/,exact,https://www.footscraydentalstudio.com.au/blog/,301,active
/blog/page/4/,exact,https://www.footscraydentalstudio.com.au/blog/,301,active
/blog/5/,exact,https://www.footscraydentalstudio.com.au/blog/,301,active
/blog/page/5/,exact,https://www.footscraydentalstudio.com.au/blog/,301,active
/blog/6/,exact,https://www.footscraydentalstudio.com.au/blog/,301,active
/blog/page/6/,exact,https://www.footscraydentalstudio.com.au/blog/,301,active
/blog/7/,exact,https://www.footscraydentalstudio.com.au/blog/,301,active
/blog/page/7/,exact,https://www.footscraydentalstudio.com.au/blog/,301,active
/,exact,https://www.footscraydentalstudio.com.au/,301,active
/about/,exact,https://www.footscraydentalstudio.com.au/about/,301,active
/contact/,exact,https://www.footscraydentalstudio.com.au/contact/,301,active
/book-appointment/,exact,https://www.footscraydentalstudio.com.au/patient-info/,301,active
/gallery/,exact,https://www.footscraydentalstudio.com.au/about/,301,active
/faqs/,exact,https://www.footscraydentalstudio.com.au/patient-info/,301,active
/terms/,exact,https://www.footscraydentalstudio.com.au/terms/,301,active
/privacy-policy/,exact,https://www.footscraydentalstudio.com.au/privacy-policy/,301,active
/services/,exact,https://www.footscraydentalstudio.com.au/services/,301,active
/team/,exact,https://www.footscraydentalstudio.com.au/meet-the-team/,301,active
/blog/,exact,https://www.footscraydentalstudio.com.au/blog/,301,active
/services/teeth-whitening/,exact,https://www.footscraydentalstudio.com.au/services/cosmetic/teeth-whitening/,301,active
/services/dental-veneers/,exact,https://www.footscraydentalstudio.com.au/services/cosmetic/veneers/,301,active
/services/dental-implants/,exact,https://www.footscraydentalstudio.com.au/services/restorative/dental-implants/,301,active
/services/crown-bridge/,exact,https://www.footscraydentalstudio.com.au/services/restorative/crowns-bridges/,301,active
/services/dental-fillings/,exact,https://www.footscraydentalstudio.com.au/services/restorative/fillings/,301,active
/services/root-canal-treatment/,exact,https://www.footscraydentalstudio.com.au/services/restorative/root-canal/,301,active
/services/sport-mouth-guards/,exact,https://www.footscraydentalstudio.com.au/services/general-preventive/mouthguards/,301,active
/services/general-check-up/,exact,https://www.footscraydentalstudio.com.au/services/general-preventive/check-ups-cleans/,301,active
/services/emergency-dentistry/,exact,https://www.footscraydentalstudio.com.au/services/emergency-dentistry/,301,active
/services/gummy-smile-treatment/,exact,https://www.footscraydentalstudio.com.au/services/cosmetic/,301,active
/services/laser-dentistry/,exact,https://www.footscraydentalstudio.com.au/services/,301,active
/services/bone-grafting/,exact,https://www.footscraydentalstudio.com.au/services/restorative/dental-implants/,301,active
/services/sinus-lift-procedure/,exact,https://www.footscraydentalstudio.com.au/services/restorative/dental-implants/,301,active
/services/wisdom-tooth-removal/,exact,https://www.footscraydentalstudio.com.au/services/emergency-dentistry/,301,active
/services/orthodontics/,exact,https://www.footscraydentalstudio.com.au/special-offers/,301,active
/services/invisalign/,exact,https://www.footscraydentalstudio.com.au/special-offers/,301,active
/services/tmd-treatment/,exact,https://www.footscraydentalstudio.com.au/services/,301,active
/services/sleep-apnoea/,exact,https://www.footscraydentalstudio.com.au/services/,301,active
/category/cosmetic-dentistry/,exact,https://www.footscraydentalstudio.com.au/services/cosmetic/,301,active
/category/general-dentistry/,exact,https://www.footscraydentalstudio.com.au/services/general-preventive/,301,active
/category/orthodontics/,exact,https://www.footscraydentalstudio.com.au/special-offers/,301,active
/category/oral-surgery/,exact,https://www.footscraydentalstudio.com.au/services/restorative/dental-implants/,301,active
/category/holistic-dentistry/,exact,https://www.footscraydentalstudio.com.au/services/general-preventive/,301,active
/dentists/dr-duy/,exact,https://www.footscraydentalstudio.com.au/meet-the-team/,301,active
/dentists/dr-zainab/,exact,https://www.footscraydentalstudio.com.au/meet-the-team/,301,active
/dentists/dr-alan-hwang/,exact,https://www.footscraydentalstudio.com.au/meet-the-team/,301,active
/dentists/dr-manish-sethi/,exact,https://www.footscraydentalstudio.com.au/meet-the-team/,301,active
/practice-manager/melinda-luff/,exact,https://www.footscraydentalstudio.com.au/meet-the-team/,301,active
/practice-manager/melinda-luff-2/,exact,https://www.footscraydentalstudio.com.au/meet-the-team/,301,active
/member/,exact,https://www.footscraydentalstudio.com.au/meet-the-team/,301,active
/member/dr-alan-hwang/,exact,https://www.footscraydentalstudio.com.au/meet-the-team/,301,active
/member/dr-manish-sethi/,exact,https://www.footscraydentalstudio.com.au/meet-the-team/,301,active
/sitemap_index.xml,exact,https://www.footscraydentalstudio.com.au/sitemap.xml,301,active
/post-sitemap.xml,exact,https://www.footscraydentalstudio.com.au/sitemap.xml,301,active
/page-sitemap.xml,exact,https://www.footscraydentalstudio.com.au/sitemap.xml,301,active
/services-sitemap.xml,exact,https://www.footscraydentalstudio.com.au/sitemap.xml,301,active
/category-sitemap.xml,exact,https://www.footscraydentalstudio.com.au/sitemap.xml,301,active
/member-sitemap.xml,exact,https://www.footscraydentalstudio.com.au/sitemap.xml,301,active
/dentists-sitemap.xml,exact,https://www.footscraydentalstudio.com.au/sitemap.xml,301,active
/wp-sitemap.xml,exact,https://www.footscraydentalstudio.com.au/sitemap.xml,301,active
